<?xml version="1.0" encoding="utf-8"?>
<Package
  xmlns="http://schemas.microsoft.com/appx/manifest/foundation/windows10"
  xmlns:uap="http://schemas.microsoft.com/appx/manifest/uap/windows10"
  xmlns:uap3="http://schemas.microsoft.com/appx/manifest/uap/windows10/3"
  xmlns:mp="http://schemas.microsoft.com/appx/2014/phone/manifest">
  <Identity Name="YourCompany.UnifilarRite" Publisher="CN=YourPublisher" Version="1.0.0.0" />
  <Properties>
    <DisplayName>Esquema Unifilar Pro</DisplayName>
    <PublisherDisplayName>Your Company</PublisherDisplayName>
    <Logo>ms-appx:///icon/icon-512.png</Logo>
  </Properties>
  <Dependencies>
    <TargetDeviceFamily Name="Windows.Desktop" MinVersion="10.0.16299.0" MaxVersionTested="10.0.19041.0" />
  </Dependencies>
  <Resources>
    <Resource Language="es-ES" />
  </Resources>
  <Applications>
    <Application Id="App" Executable="\" EntryPoint="Windows.FullTrustApplication">
      <uap:VisualElements DisplayName="Esquema Unifilar Pro" Square150x150Logo="ms-appx:///icon/icon-192.png" Square44x44Logo="ms-appx:///icon/icon-144.png" Description="Editor de esquemas unifilares" BackgroundColor="#FFFFFF">
        <uap:DefaultTile Wide310x150Logo="ms-appx:///icon/icon-384.png" Square310x310Logo="ms-appx:///icon/icon-1024.png" />
      </uap:VisualElements>
    </Application>
  </Applications>
</Package>